﻿Id;Default;EN;DE;FR;HU;IT;RU;RO;ES;PL;JA;ZH;;
419; DE 1.0 Reset Not-Halt;;;;;;;;;;;;;
643; DE 1.1 Start;;;;;;;;;;;;;
891; DE 1.10 Kontakt ist gefallen;;;;;;;;;;;;;
583; DE 1.11 Crimpeinheit ist VORN;;;;;;;;;;;;;
723; DE 1.12 Crimpeinheit ist RUECK$T;;;;;;;;;;;;;
285; DE 1.13 Ausstossen VORN;;;;;;;;;;;;;
650; DE 1.14 Kontakt schieben VORN;;;;;;;;;;;;;
752; DE 1.15 Magazin GEFÜLLT;;;;;;;;;;;;;
819; DE 1.2 Drahthalter ist Offen;;;;;;;;;;;;;
771; DE 1.3 Auslöse Schalter;;;;;;;;;;;;;
256; DE 1.4 Abisolierer ist ZU$T;;;;;;;;;;;;;
591; DE 1.5 Abisolierer ist VORN;;;;;;;;;;;;;
315; DE 1.6 Abisolierer ist RÜCK;;;;;;;;;;;;;
227; DE 1.7 Abisolierer ist LINKS;;;;;;;;;;;;;
935; DE 1.8 Crimpzange ist ZU;;;;;;;;;;;;;
187; DE 1.9 Crimpzange ist OFFEN;;;;;;;;;;;;;
448;%0.1f bar;;;;;;;;;;;;;
206;%0.2f Sek;;;;;;;;;;;;;
44;%d;;;;;;;;;;;;;
60;%s;;;;;;;;;;;;;
874;Abisolierung einrichten;Set up stripping unit;Abisolierung einrichten;Réglage dénudage;Csupaszítás beállítása;Regolazione unità di spellatura;Настройка снятия изоляции;Reglare dezizolare;Configurar unidad de pelado;Ustawianie jednostki odizolowującej;ストリッピング・ユニットをセットしてください;设置剥线单元;;
42;Ausstoßverzögerung;Discharge delay;Ausstoßverzögerung;Retardement d'éjection;Kidobási késleltetés;Ritardo di espulsione;Задержка выталкивания;Intarziere ejectare;Retardo de descarga;Opóźnienie wydawania;イジェクト時間;弹出时间;;
233;Ausstoßzeit;Ejection time;Ausstoßzeit;Durée d'éjection;Kidobási ido;Tempo di espulsione;Время выталкивания;Timp de ejectie;Tiempo de eyección;Czas wyrzutu;駆出遅延;弹出延迟;;
524;Bei kleinen Kontakten mit labiler Litze, muss diese unmittelbar nach dem Crimpen von Hand herausgezogen werden. Dazu kann hier eine Verzögerungszeit eingegeben werden. (Wert 0 = ohne Verzögerung);In the case of smaller contacts with fragile wire, it is necessary to manually pull it out immediately after crimping. A delay time can be entered for this step. (Value 0 = without delay);Bei kleinen Kontakten mit labiler Litze, muss diese unmittelbar nach dem Crimpen von Hand herausgezogen werden. Dazu kann hier eine Verzögerungszeit eingegeben werden. (Wert 0 = ohne Verzögerung);En cas de petits contacts avec des lithes instables, ceux-ci doivent être retirés à la main immédiatement après le crimpage. Pour ce faire, un délai de retard peut être saisi ici. (valeur 0 = sans délai);Ha kis érintkezok huzala labilis, akkor közvetlenül a krimpelés után ki kell húzni azt.$R$NEhhez be lehet írni késleltetési idot. (0 érték = nincs késleltetési ido);Nel caso di cavi di piccola sezione, è necessario aiutare manualmente l$'espulsione del cavo crimpato tirando il cavo stesso verso l$'esterno alla fine dell$'operazione di crimpatura. E$' possibile impostare un ritardo per questa operazione (valore 0 = NO ritardo);В случае контактов под кабель небольшого сечения, извлечь сразу же вручную после обжима.$R$NДля этого задается время задержки. (Значение 0 = без задержки);La contactele mici, cu fir labil, aceasta trebuie indepărtata manual imediat după sertizare.$R$NDin acest motiv se poate introduce aici un timp de întârziere. (Valoare 0 = nici o întârziere);En el caso de los contactos para secciones más pequeñas, es necesario extraerlos después del engaste. $R$NUn tiempo de retardo puede ser ajustado para este paso. (Valor 0 = sin retardo);W przypadku małych kontaktów z delikatnymi przewodami, konieczne jest manualne wyciągnięcie natychmiast po zacisku.$R$NCzas opóźnienia może być wprowadzony dla tego kroku (Wartość 0 = bez opóźnienia);細いコンタクトで柔らかいケーブルを圧着する場合、機械がコンタクトを圧着したタイミングで速やかにコンタクトを引き出してください　タイミング調整はこのステップで調整できます（値0＝遅れなし;当细针压接很细的线,需要在压接之后立刻手动将针拉出来.在这个操作可以设定一定的延迟时间. (值为 0 = 没有延迟);;
645;Bei kleinen Kontakten...;;;;;;;;;;;;;
286;Betriebsstunden:;Operating hours;Betriebsstunden;Pour des petits contacts avec un fil instable, retirer à la main immédiatement à la suite du sertissage. Pour cela, il est possible de saisir un temps de retardement. (Valeur 0 = sans retardement);Üzemórák;Ore di lavoro;Эксплуатационное время;Ore functionare;Horas de operación;Ilość godzin pracy;作業時間;运行时间;;
964;Chinesisch;Chinese;Chinesisch;Chinois;Kínai;Cinese;китайский;chineză;Chino;Chiński;中国の;中国;;
876;Crimpen;Crimping;Crimpen;Sertir;Krimpelés;Crimpatura;Обжим;Sertizare;Engastando;Zaciskanie;圧着;压接;;
817;Crimpzange einrichten;Set up crimping tool;Crimpzange einrichten;Réglage pince de sertissage;Krimpelo fogó beállítása;Regolazione unità di crimpatura;Настройка обжимного элемента;Reglare cleste sertizare;Ajuste herramienta de engastado;Ustawianie jednostki zaciskającej;圧着ツールのセットアップ;设定压接工具;;
372;DE Klemme EL1809-01;;;;;;;;;;;;;
973;DE Klemme EL1809-02;;;;;;;;;;;;;
581;Deutsch;German;Deutsch;Allemand;Német;Tedesco;Немецкий;Germana;Alemán;Niemiecki;ドイツ語;德语;;
740;Drahthalter Druck;Wire holder pressure;Drahthalter Druck;Pression de support de fil;Huzal tartó nyomása;Pressione del supporto del filo;Давление в держателе;Presiunea suportului de susținere;Presión del soporte de alambre;Nacisk uchwytu drutu;ワイヤーホルダーの圧力;集线器压力;;
551;Drahthalter:;wire holder;Drahthalter;support de fil;drótra;supporto del legare;держатель провода;titularul de sârmă;soporte de alambre;uchwyt na drut;電線ホルダー;集线器;;
30;Einzel/Auto;;;;;;;;;;;;;
91;Englisch;English;Englisch;Anglais;Angol;Inglese;Английский;Engleză;Inglés;Angielski;英語;英文;;
730;Ergebnis;;;;;;;;;;;;;
640;Esc;;;;;;;;;;;;;
214;Fertig:;Finished;Fertig;Fini;Kész;Crimpature effettuate;Готово;Incheiat;Finalizado;Skończone;終了;完成;;
714;Französisch;French;Französisch;Français;Francia;Francese;Францу́зский;Franceză;Francés;Francuski;フランス語;法国;;
761;HARTING Crimpautomat TK-M;HARTING Crimping Machine TK-M;HARTING Crimpautomat TK-M;Automate de sertissage TK-M HARTING;HARTING TK-M automata krimpelo gép;Crimpatrice HARTING TK-M;HARTING обжимная машина TK-M;Automat sertizare HARTING TK-M;Máquina de engaste TK-M de HARTING;HARTING maszyna zaciskająca TK-M;ハーティング自動圧着機　TK-M;HARTING 自动压接机 TK-M;;
311;Italienisch;Italian;Italienisch;Italien;Olasz;Italiano;Италья́нский;Italiană;Italiano;Włoski;イタリア語;意大利;;
993;Japanisch;Japanese;Japanisch;Japonais;Japán;Giapponese;японский;Japoneză;Japonés;Japoński;日本の;日本;;
110;Löschen;Delete;Löschen;Effacer;Törlés;Cancella;Удалить;Sterge;Borrar;Kasowanie;削除;删除;;
816;Magazin leerfahren;Run magazine empty;Magazin leerfahren;Vider le magasin;Tároló üresre járatása;Scarico canale contatti;Очистить магазин;Golire magazie;Ejecutar vaciado de depósito;Uruchom magazynek pusty;マガジンを空にする;运行料箱清空;;
355;Menü;Menu;Menü;Menu;Menü;Menù;Меню;Meniu;Menu;Menu;メニュー;操作菜单;;
429;Noch: %d;;;;;;;;;;;;;
919;Off- / On Line;;;;;;;;;;;;;
634;Offline: Low / High;;;;;;;;;;;;;
765;ohne Sortierluft;without sorting air;;sans tri d'air;buborékok nélkül;senza aria;без пузырьков;fără bule;sin burbujas;bez bąbelków;空気をソートせずに;没有分拣气;;
514;Polnisch;Polish;Polnisch;Polonais;Lengyel;Polacco;Польский;Polonez;Polaco;Polski;ポーランド語;波兰语;;
590;Probelauf;Trial run;Probelauf;Marche d'essai;Próbaüzem;Ciclo di prova;Тест;Test;Modo de prueba;Przebieg testowy;テスト動作;试运行;;
92;Probelauf ohne Crimpen;Trial run without crimping;Probelauf ohne Crimpen;Marche d'essai sans sertissage;Próbaüzem krimpelés nélkül;Ciclo di prova senza crimpatura;Тест без обжима;Test fara sertizare;Prueba sin engaste;Przebieg testowy bez zaciskania;圧着なしでのテスト動作;不压接试运行;;
371;Probelauf ohne Kontakt;Trial run without contact;Probelauf ohne Kontakt;Marche d'essai sans contact;Próbaüzem érintkezo nélkül;Ciclo di prova senza contatto;Тест без контакта;Test fara contact;Prueba sin contacto;Przebieg testowy bez kontaktu;コンタクトなしでのテスト動作;不带针试运行;;
61;Probelauf ohne Litze;Trial run without wire;Probelauf ohne Litze;Marche d'essai sans fil;Próbaüzem huzal nélkül;Ciclo di prova senza cavo;Тест без провода;Test fara lita;Prueba sin cable;Przebieg testowy bez przewodu;ケーブルなしでのテスト動作;不带线试运行;;
786;Reset;Reset;Reset;Reset;Visszaállítás;Reset;Перезагрузка;Reset;Reset;Reset;リセット;重置;;
770;Rezeptur;Recipe;Rezeptur;Recette;Receptúra;Menù;Рецепт;Reteta;Receta;Przepis;レシピ;接收;;
339;Rumänisch;Romanian;Rumänisch;Roumain;Román;Rumeno;Румы́нский;Român;Rumano;Rumuński;ルーマニア語;罗马尼亚;;
985;Russisch;Russian;Russisch;Russe;Orosz;Russo;ру́сский;Rusă;Ruso;rosyjski;ロシア;俄;;
366;Sensoren brücken;Sensor bridging;Sensoren brücken;Invalidation de capteurs;Érzékelok áthidalása;Disattivazione sensori;Шунтировать датчик;Ocolire senzor;Puenteo del sensor;Mostkowanie czujników;センサーブリッジ;传感器桥接;;
790;Sortierer leerfahren;Run sorter empty;Sortierer leerfahren;Vider trieuse;Szortírozó üresre járatása;Svuotamento contenitore contatti;Холостой ход сортировщика;Golire sortator;Ejecutar vaciado de clasificador;Uruchom sorter pusty;ソーター空ので動作;运行分拣清空;;
313;Sortierer:;Sorter:;Sortierer:;Trieuse :;Szortírozó berendezés:;Livello vibrazione;Сортировщик:;Sortator:;Clasificador:;Sorter:;ソーター;分拣:;;
901;Spanisch;Spanish;Spanisch;Espagnol;Spanyol;Spagnolo;Испа́нский;Spaniolă;Español;Hiszpański;スペイン語;西班牙语;;
840;Speichern;Save;Speichern;Enregistrer;Mentés;Salvare;Сохранить;Salveaza;Guardar;Zapisz;保存;保存;;
217;Sprache;Language;Sprache;Langue;Nyelv;Lingua;Язык;Limba;Idioma;Język;言語;语言;;
543;Status;Status;Status;Statut;Állapot;Status;Статус;Stadiu;Estado;Status;状態;状态;;
382;Stop;Stop;Stop;Stop;Leállítás;Stop;Стоп;Stop;Parada;Stop;停止;停止;;
486;Stückzahl-Total:;Total quantity;Stückzahl Total;Nombre de pièces total;Összes darabszám;Contatore parziale;Общее кол-во;Cantitate totala;Cantidad total;Ilość całkowita;設定数量;总数;;
949;Stückzahl-Vorwahl;Quantity presel.;Stückzahl-Vorwahl;Présélection nombre de pièces;Darabszám eloválasztása;Impostazione quantità crimpature;Выбор кол-ва;Preselectie cantitate;Cantidad preseleccionada;Ilość wybór wstępny;トータル数量;预设总数.;;
332;System;;;;;;;;;;;;;
269;Tageszähler:;Daily counter:;Tageszähler:;Compteur journalier :;Napi számláló:;Contatore giornaliero;Дневной счетчик;Numarator zilnic:;Contador diario:;Licznik dzienny:;デイリーカウンター;每日计数:;;
234;Totalzähler;Total counter;Totalzähler;Compteur total;Összes számláló;Contatore totale;Общий счетчик;Numarator total;Contador total:;Licznik całkowity;トータルカウンター;总数;;
1113;Um Abdrücke des Drahthalters auf dem Isoliermantel zu vermeiden, kann hier der Pneumatik-Druck des Drahthalters zwischen 0,5 und 6,0 bar eingestellt werden.;In order to avoid impressions of the wire holder on the insulating jacket, the pneumatic pressure of the wire holder can be adjusted here between 0.5 and 6.0 bar.;Um Abdrücke des Drahthalters auf dem Isoliermantel zu vermeiden, kann hier der Pneumatik-Druck des Drahthalters zwischen 0,5 und 6,0 bar eingestellt werden.;Afin d$'éviter les empreintes du porte-fil sur la chemise isolante, la pression pneumatique du porte-fil peut être ajustée ici entre 0,5 et 6,0 bars.;Annak érdekében, hogy elkerülje a szigetelő burkolat dróttartójának benyomódását, a vezetéktartó pneumatikus nyomása 0,5 és 6,0 bar között állítható.;Al fine di evitare impronte del supporto del filo sulla guaina isolante, la pressione pneumatica del supporto del filo può essere regolata qui tra 0,5 e 6,0 bar.;Чтобы избежать впечатлений от держателя проволоки на изолирующем кожухе, пневматическое давление держателя проволоки можно регулировать здесь от 0,5 до 6,0 бар.;Pentru a evita impresiile suportului de sârmă de pe mantaua izolatoare, presiunea pneumatică a suportului de sârmă poate fi reglată aici între 0,5 și 6,0 bari.;Para evitar impresiones del soporte del cable en la camisa aislante, la presión neumática del soporte del cable se puede ajustar aquí entre 0,5 y 6,0 bar.;Aby uniknąć odcisków drutu na płaszczu izolacyjnym, ciśnienie pneumatyczne uchwytu drutu można ustawić w zakresie od 0,5 do 6,0 bar.;ワイヤーホルダーの絶縁ジャケットへの印象を避けるために、ワイヤーホルダーの空気圧を0.5〜6 barに設定することができます。;为了避免集线器压触到绝缘皮, 可以把集线器气压调整到0,5到6,0 bar;;
616;Ungarisch;Hungarian;Ungarisch;Hongrois;Magyar;Ungherese;Венге́рский;Maghiară;Húngaro;Węgierski;ハンガリー;匈牙利;;
168;Vorwahl:;Preselection;Vorwahl;Présélection;Eloválasztás;Crimpature impostate;Код;Preselectare;Preselección;Wybór wstępny;設定値;预设;;
981;Vorwahl: %d;;;;;;;;;;;;;
314;Wartungsvorwahl:;Maintenance code;Wartungsvorwahl;Présélection de maintenance;Karbantartás eloválasztása;Manutenzione a (cicli):;Код обслуживания;Codul de intretinere;Código de mantenimiento;Kod obsługi;メンテナンスコード;维护代码;;
188;Wartungszähler:;Maintenance counter;Wartungszähler;Compteur de maintenance;Karbantartás számláló;Contatore totale per manutenzione;Счетчик обслуживания;Numarator intretinere;Contador de mantenimiento;Licznik obsługi;メンテナンスカウンター;保养计数;;
47;Weiter;;;;;;;;;;;;;
